symbol,entry_date,exit_date,entry_price,exit_price,return,exit_reason,group_id,highlight
ADBE,2015-10-08,2015-10-15,80.45,86.77,0.07855811062771889,take_profit,,False
IBM,2015-10-20,2015-11-12,88.75,83.641,-0.05756619718309852,stop_loss,4,True
NOW,2015-10-22,2015-10-23,72.31,78.89,0.09099709583736693,take_profit,2,True
AVGO,2015-10-27,2015-11-06,9.399,9.901,0.053409937227364646,take_profit,3,True
QCOM,2015-11-06,2015-11-18,38.77,36.044,-0.07031209698220287,stop_loss,5,True
AMD,2015-11-12,2015-11-20,2.05,2.22,0.08292682926829298,take_profit,6,True
QCOM,2015-11-19,2015-12-02,36.427,39.319,0.07939166003239362,take_profit,6,True
AMD,2015-12-03,2015-12-08,2.25,2.39,0.06222222222222218,take_profit,8,True
ADI,2015-12-04,2016-01-04,47.566,44.832,-0.057478030526005974,stop_loss,11,True
QCOM,2015-12-09,2015-12-14,37.643,35.512,-0.056610790850888604,stop_loss,9,True
AAPL,2015-12-14,2015-12-18,25.318,23.93,-0.05482265581799517,stop_loss,10,True
ACN,2015-12-18,2016-02-08,88.054,81.172,-0.07815658573148299,stop_loss,14,True
AAPL,2016-01-04,2016-01-07,23.158,21.768,-0.06002245444338894,stop_loss,12,True
AAPL,2016-01-07,2016-01-27,22.271,21.084,-0.053298010866148826,stop_loss,13,True
AAPL,2016-01-27,2016-03-01,21.675,22.811,0.0524106113033449,take_profit,14,True
AMD,2016-03-09,2016-03-11,2.32,2.52,0.0862068965517242,take_profit,,False
AMD,2016-03-11,2016-03-14,2.29,2.72,0.18777292576419224,take_profit,,False
AMD,2016-03-16,2016-03-17,2.5,2.8,0.11999999999999988,take_profit,,False
AMD,2016-03-22,2016-04-22,2.73,3.99,0.4615384615384617,take_profit,16,True
AVGO,2016-04-20,2016-05-03,11.639,11.004,-0.054557951714064745,stop_loss,17,True
MSFT,2016-04-22,2016-06-27,45.865,43.09,-0.060503652022239174,stop_loss,21,True
AAPL,2016-05-03,2016-05-25,21.375,22.743,0.06399999999999983,take_profit,18,True
AMD,2016-06-03,2016-06-06,4.16,4.47,0.07451923076923062,take_profit,19,True
AMD,2016-06-06,2016-06-07,4.2,4.51,0.07380952380952377,take_profit,20,True
NOW,2016-06-14,2016-06-27,72.51,63.67,-0.12191421872845132,stop_loss,21,True
ACN,2016-06-27,2016-07-12,95.125,100.435,0.055821287779237894,take_profit,24,True
ADBE,2016-06-27,2016-07-08,91.36,96.79,0.05943520140105085,take_profit,23,True
AMD,2016-07-08,2016-07-12,4.84,5.14,0.06198347107438007,take_profit,24,True
ADP,2016-08-01,2016-11-15,72.356,76.323,0.05482613743158815,take_profit,32,True
AMD,2016-08-02,2016-08-15,6.56,6.95,0.05945121951219523,take_profit,26,True
CRM,2016-08-17,2016-09-13,76.614,72.299,-0.05632129897929883,stop_loss,27,True
AMD,2016-09-13,2016-09-21,5.92,6.29,0.0625,take_profit,28,True
CRM,2016-09-26,2016-10-10,69.766,74.318,0.06524668176475634,take_profit,29,True
ADI,2016-10-13,2016-10-24,51.185,53.896,0.052964735762430326,take_profit,30,True
AMD,2016-10-24,2016-10-25,6.57,7.5,0.14155251141552516,take_profit,31,True
INTC,2016-10-25,2016-12-13,28.472,30.043,0.05517701601573477,take_profit,34,True
AVGO,2016-11-15,2016-11-22,12.745,13.687,0.0739113377795213,take_profit,33,True
CSCO,2016-11-22,2017-02-03,22.866,24.013,0.050161812297734754,take_profit,36,True
NVDA,2016-12-13,2016-12-14,2.219,2.375,0.07030193780982441,take_profit,35,True
ACN,2016-12-22,2017-03-01,102.839,108.074,0.050904812376627584,take_profit,39,True
ADP,2017-02-06,2017-02-23,80.388,84.512,0.05130118923222371,take_profit,37,True
NVDA,2017-02-24,2017-02-27,2.394,2.575,0.07560568086883879,take_profit,38,True
NVDA,2017-02-27,2017-03-20,2.52,2.699,0.071031746031746,take_profit,40,True
NOW,2017-03-01,2017-04-27,88.02,94.33,0.07168825266984769,take_profit,41,True
ACN,2017-03-27,2017-05-30,103.423,108.931,0.05325701246337844,take_profit,45,True
ADI,2017-05-01,2017-05-10,63.887,67.275,0.0530311330943698,take_profit,42,True
AMD,2017-05-17,2017-05-22,11.81,11.04,-0.06519898391193912,stop_loss,43,True
AMD,2017-05-22,2017-05-23,11.49,10.89,-0.05221932114882499,stop_loss,44,True
AMD,2017-05-23,2017-06-06,10.97,12.03,0.096627164995442,take_profit,46,True
ADI,2017-06-05,2017-07-03,68.961,65.156,-0.05517611403546918,stop_loss,47,True
AAPL,2017-06-12,2017-07-26,33.909,35.705,0.052965289451178066,take_profit,50,True
AMD,2017-07-03,2017-07-07,12.57,13.36,0.06284805091487655,take_profit,48,True
AMD,2017-07-14,2017-07-24,13.46,14.16,0.0520059435364042,take_profit,49,True
QCOM,2017-07-24,2017-09-05,43.032,40.498,-0.05888641011340401,stop_loss,53,True
AMD,2017-07-28,2017-08-04,13.85,13.12,-0.052707581227436906,stop_loss,51,True
AMAT,2017-08-04,2017-08-30,39.049,41.533,0.06361238444006245,take_profit,52,True
AVGO,2017-08-30,2017-10-27,18.95,19.92,0.05118733509234841,take_profit,55,True
AMD,2017-09-11,2017-09-19,12.46,13.12,0.052969502407704594,take_profit,54,True
ORCL,2017-09-19,2017-10-27,42.915,45.208,0.05343120121169753,take_profit,55,True
AMD,2017-10-27,2017-10-30,12.17,10.89,-0.10517666392769098,stop_loss,,False
AMD,2017-10-30,2017-11-06,11.26,11.93,0.05950266429840134,take_profit,57,True
QCOM,2017-11-01,2017-11-02,41.663,44.391,0.06547776204305977,take_profit,57,True
ADP,2017-11-07,2017-12-06,93.256,97.981,0.05066698121300495,take_profit,60,True
AMD,2017-11-09,2017-12-04,11.25,10.03,-0.10844444444444445,stop_loss,59,True
AMAT,2017-12-04,2018-01-08,47.633,51.165,0.07415027396972684,take_profit,63,True
ADBE,2017-12-06,2017-12-13,166.79,176.83,0.0601954553630315,take_profit,61,True
AMD,2017-12-26,2018-01-02,10.38,10.98,0.057803468208092346,take_profit,62,True
INTC,2018-01-04,2018-01-22,36.535,38.407,0.05123853838784731,take_profit,64,True
AMD,2018-01-10,2018-01-18,11.63,12.47,0.07222699914015474,take_profit,64,True
TXN,2018-01-24,2018-02-05,89.597,84.476,-0.057155931560208484,stop_loss,67,True
AVGO,2018-01-26,2018-02-02,19.777,18.671,-0.05592354755524098,stop_loss,66,True
AMAT,2018-02-02,2018-02-05,48.109,44.202,-0.08121141574341606,stop_loss,67,True
ADI,2018-02-05,2018-02-08,76.796,71.544,-0.06838897859263515,stop_loss,69,True
AAPL,2018-02-05,2018-02-14,37.296,39.395,0.05627949377949393,take_profit,70,True
ADI,2018-02-08,2018-02-23,74.019,78.198,0.05645847687755823,take_profit,71,True
QCOM,2018-02-20,2018-02-26,51.435,54.675,0.06299212598425186,take_profit,71,True
ADI,2018-03-02,2018-03-06,75.663,79.548,0.05134610047182919,take_profit,73,True
ACN,2018-03-02,2018-03-23,137.925,130.941,-0.050636215334420975,stop_loss,75,True
QCOM,2018-03-07,2018-03-19,50.625,48.056,-0.050745679012345724,stop_loss,74,True
AVGO,2018-03-19,2018-03-28,20.068,19.041,-0.05117600159457847,stop_loss,76,True
AAPL,2018-03-23,2018-04-17,39.635,41.953,0.05848366342878775,take_profit,77,True
ACN,2018-03-28,2018-05-10,133.011,140.335,0.055063115080707714,take_profit,78,True
IBM,2018-04-18,2018-05-02,104.161,97.527,-0.06368986472864124,stop_loss,78,True
NVDA,2018-05-16,2018-06-01,6.037,6.377,0.05631936392247794,take_profit,80,True
CSCO,2018-05-17,2018-08-16,34.487,36.391,0.05520920926726003,take_profit,86,True
AMD,2018-06-08,2018-06-11,14.52,15.73,0.08333333333333348,take_profit,81,True
AMAT,2018-06-12,2018-06-25,46.079,42.987,-0.06710215065431102,stop_loss,82,True
ADBE,2018-06-25,2018-07-12,240.15,254.87,0.06129502394336872,take_profit,83,True
AVGO,2018-07-12,2018-07-25,16.883,18.424,0.09127524729017367,take_profit,84,True
AMAT,2018-07-25,2018-07-27,42.14,44.45,0.054817275747508276,take_profit,85,True
INTC,2018-07-27,2018-09-11,41.449,38.426,-0.07293300200246078,stop_loss,88,True
AMAT,2018-08-17,2018-09-06,41.201,37.23,-0.09638115579718942,stop_loss,87,True
AMAT,2018-09-07,2018-10-04,36.981,35.03,-0.05275682107027935,stop_loss,89,True
ADI,2018-09-12,2018-10-05,80.876,76.529,-0.05374894900835858,stop_loss,90,True
AMD,2018-10-04,2018-10-08,27.99,26.46,-0.05466237942122176,stop_loss,90,True
AMD,2018-10-08,2018-10-10,26.73,25.0,-0.0647212869435092,stop_loss,92,True
ADI,2018-10-08,2018-10-19,76.213,72.305,-0.051277341136026444,stop_loss,94,True
ADBE,2018-10-10,2018-10-11,252.52,238.59,-0.05516394741010611,stop_loss,93,True
AAPL,2018-10-11,2018-11-05,50.865,47.799,-0.06027720436449424,stop_loss,97,True
IBM,2018-10-19,2018-10-29,91.418,83.714,-0.08427224397821009,stop_loss,95,True
AMD,2018-10-29,2018-10-30,18.21,17.2,-0.05546403075233397,stop_loss,96,True
ADBE,2018-10-30,2018-11-07,238.99,253.43,0.0604209381145655,take_profit,98,True
AAPL,2018-11-05,2018-11-13,48.442,45.739,-0.05579868708971558,stop_loss,100,True
QCOM,2018-11-08,2018-11-12,48.69,45.743,-0.06052577531320591,stop_loss,99,True
AMD,2018-11-12,2018-11-13,20.68,19.61,-0.05174081237911021,stop_loss,100,True
AAPL,2018-11-13,2018-11-20,45.596,42.11,-0.07645407491885248,stop_loss,103,True
ADBE,2018-11-13,2018-11-19,238.38,219.69,-0.07840422854266293,stop_loss,102,True
AMD,2018-11-19,2018-11-20,20.4,19.21,-0.05833333333333324,stop_loss,103,True
AAPL,2018-11-20,2018-12-07,42.441,40.09,-0.055394547725077126,stop_loss,107,True
ADBE,2018-11-20,2018-11-21,209.41,225.98,0.07912707129554453,take_profit,105,True
ADBE,2018-11-21,2018-11-28,225.33,249.21,0.10597789908134736,take_profit,106,True
ADBE,2018-12-06,2018-12-17,240.0,221.38,-0.07758333333333334,stop_loss,108,True
AAPL,2018-12-07,2018-12-17,41.28,39.008,-0.055038759689922445,stop_loss,108,True
ADBE,2018-12-17,2018-12-21,226.93,208.8,-0.07989247785660769,stop_loss,111,True
AMD,2018-12-18,2018-12-19,19.15,18.16,-0.05169712793733672,stop_loss,110,True
ADP,2018-12-19,2018-12-24,112.752,105.835,-0.06134702710373208,stop_loss,112,True
AAPL,2018-12-21,2018-12-24,37.323,34.936,-0.06395520188623638,stop_loss,112,True
AAPL,2018-12-24,2018-12-26,35.251,37.397,0.06087770559700445,take_profit,114,True
ACN,2018-12-24,2019-01-08,123.56,131.304,0.06267400453221117,take_profit,117,True
AAPL,2018-12-26,2018-12-27,35.286,37.154,0.052938842600464886,take_profit,115,True
IBM,2018-12-27,2019-01-04,77.942,83.136,0.06663929588668505,take_profit,116,True
AAPL,2019-01-04,2019-01-09,34.389,36.478,0.06074616883305706,take_profit,118,True
AVGO,2019-01-08,2019-01-15,19.931,21.291,0.06823541217199325,take_profit,119,True
AMD,2019-01-11,2019-01-18,19.47,20.77,0.0667693888032872,take_profit,119,True
QCOM,2019-01-23,2019-01-29,44.907,41.92,-0.06651524261251018,stop_loss,121,True
INTC,2019-01-25,2019-02-04,40.32,42.36,0.05059523809523814,take_profit,125,True
AMD,2019-01-29,2019-01-30,20.26,23.09,0.13968410661401776,take_profit,122,True
NVDA,2019-01-30,2019-01-31,3.339,3.564,0.06738544474393526,take_profit,123,True
NVDA,2019-01-31,2019-02-01,3.403,3.588,0.054363796650014784,take_profit,124,True
NVDA,2019-02-01,2019-02-06,3.583,3.793,0.058610103265420044,take_profit,125,True
AMD,2019-02-07,2019-02-22,22.99,24.36,0.05959112657677257,take_profit,127,True
NVDA,2019-02-08,2019-02-13,3.588,3.79,0.05629877369007796,take_profit,127,True
AMD,2019-02-28,2019-03-08,23.21,22.01,-0.05170185264971994,stop_loss,129,True
CRM,2019-03-07,2019-03-19,154.465,162.224,0.05023144401644375,take_profit,130,True
AMAT,2019-03-08,2019-03-12,34.426,36.173,0.05074652878638242,take_profit,130,True
AMD,2019-03-25,2019-03-27,26.29,24.89,-0.05325218714340052,stop_loss,,False
AMD,2019-03-27,2019-04-03,25.7,29.02,0.1291828793774319,take_profit,132,True
AMAT,2019-03-28,2019-04-01,36.37,38.435,0.05677756392631306,take_profit,132,True
AMD,2019-04-10,2019-05-28,27.46,29.05,0.05790240349599407,take_profit,134,True
IBM,2019-04-17,2019-05-31,98.479,92.119,-0.06458229673331373,stop_loss,135,True
AVGO,2019-05-28,2019-06-06,21.488,22.846,0.0631980640357408,take_profit,137,True
AMD,2019-05-31,2019-06-04,27.57,29.57,0.0725426187885383,take_profit,136,True
ADBE,2019-06-04,2019-06-07,263.27,278.16,0.05655790633190283,take_profit,137,True
CRM,2019-06-12,2019-07-11,149.537,157.246,0.051552458588844274,take_profit,140,True
AMAT,2019-06-14,2019-06-20,38.472,40.585,0.054923060927427825,take_profit,139,True
AVGO,2019-07-03,2019-07-23,23.988,25.432,0.06019676504919125,take_profit,140,True
AMD,2019-07-31,2019-08-01,32.08,29.86,-0.06920199501246882,stop_loss,142,True
NOW,2019-07-31,2019-08-02,281.71,265.86,-0.05626353342089374,stop_loss,143,True
AMD,2019-08-01,2019-08-05,30.5,27.99,-0.08229508196721314,stop_loss,144,True
ADBE,2019-08-02,2019-08-05,295.57,280.36,-0.05145989105795579,stop_loss,144,True
ADBE,2019-08-05,2019-10-02,285.04,266.66,-0.06448217793993827,stop_loss,149,True
AAPL,2019-08-05,2019-08-13,47.494,50.318,0.059460142333768395,take_profit,146,True
AMD,2019-08-13,2019-08-14,32.36,30.24,-0.06551297898640296,stop_loss,147,True
AMD,2019-08-14,2019-09-27,31.0,28.72,-0.07354838709677425,stop_loss,148,True
AMD,2019-09-30,2019-10-14,28.89,30.53,0.056767047421252936,take_profit,150,True
AMAT,2019-10-02,2019-10-14,46.58,49.005,0.05206097037355106,take_profit,150,True
NOW,2019-10-16,2019-10-18,258.93,243.0,-0.0615224191866528,stop_loss,152,True
IBM,2019-10-17,2020-01-22,99.083,106.855,0.07843928827346769,take_profit,156,True
NOW,2019-10-18,2019-10-21,253.97,240.9,-0.051462771193448,stop_loss,153,True
CRM,2019-10-21,2019-10-28,142.6,153.179,0.07418653576437584,take_profit,154,True
TXN,2019-10-28,2019-12-13,102.165,107.679,0.05397151666421962,take_profit,155,True
ORCL,2019-12-18,2020-02-12,48.72,51.4,0.05500821018062396,take_profit,157,True
ADI,2020-01-27,2020-02-19,103.303,111.629,0.08059785291811483,take_profit,158,True
CSCO,2020-02-13,2020-02-24,39.622,36.975,-0.06680631972136686,stop_loss,158,True
ACN,2020-02-24,2020-02-27,188.036,171.455,-0.08817992299346933,stop_loss,160,True
AAPL,2020-02-24,2020-02-27,71.963,66.215,-0.07987437988966539,stop_loss,160,True
ACN,2020-02-27,2020-02-28,176.752,166.075,-0.0604066714945235,stop_loss,162,True
AAPL,2020-02-27,2020-03-02,68.051,72.338,0.06299686999456289,take_profit,163,True
ACN,2020-02-28,2020-03-02,165.772,174.315,0.05153463793644297,take_profit,163,True
AAPL,2020-03-02,2020-03-04,68.336,73.289,0.07248009833762592,take_profit,165,True
ACN,2020-03-02,2020-03-09,167.372,150.92,-0.09829601128026211,stop_loss,166,True
IBM,2020-03-04,2020-03-09,98.734,88.401,-0.10465493143192817,stop_loss,166,True
AAPL,2020-03-09,2020-03-10,63.85,69.077,0.08186374314800315,take_profit,168,True
ACN,2020-03-09,2020-03-10,152.106,160.53,0.05538243067334636,take_profit,168,True
AAPL,2020-03-10,2020-03-12,67.092,60.093,-0.1043194419602933,stop_loss,170,True
ACN,2020-03-10,2020-03-12,157.33,140.27,-0.10843450073094774,stop_loss,170,True
AAPL,2020-03-12,2020-03-13,61.96,67.293,0.08607165913492576,take_profit,172,True
ACN,2020-03-12,2020-03-13,140.703,153.127,0.08829946767304175,take_profit,172,True
ACN,2020-03-13,2020-03-16,147.71,140.28,-0.050301265994177835,stop_loss,174,True
AAPL,2020-03-13,2020-03-16,64.126,58.636,-0.08561269999688115,stop_loss,174,True
ACN,2020-03-16,2020-03-17,136.371,145.034,0.06352523630390605,take_profit,176,True
AAPL,2020-03-16,2020-03-20,58.573,55.496,-0.052532736926570234,stop_loss,177,True
ACN,2020-03-17,2020-03-23,141.622,132.141,-0.06694581350355189,stop_loss,178,True
AAPL,2020-03-20,2020-03-23,59.839,54.317,-0.092280953892946,stop_loss,178,True
AAPL,2020-03-23,2020-03-24,55.215,59.766,0.08242325455039379,take_profit,180,True
ACN,2020-03-23,2020-03-24,136.114,144.243,0.05972199773719078,take_profit,180,True
ADI,2020-03-24,2020-03-25,81.334,85.483,0.05101187695182818,take_profit,182,True
AAPL,2020-03-24,2020-03-26,57.22,62.565,0.09341139461726677,take_profit,182,True
TXN,2020-03-26,2020-04-06,85.128,93.316,0.09618456911944362,take_profit,185,True
ADI,2020-03-27,2020-04-01,80.863,76.179,-0.057925132631735154,stop_loss,184,True
ACN,2020-04-01,2020-04-08,145.825,157.927,0.08298988513629357,take_profit,186,True
AMAT,2020-04-06,2020-04-07,42.586,45.169,0.06065373596956736,take_profit,186,True
AMAT,2020-04-21,2020-04-29,47.392,51.609,0.08898126266036455,take_profit,189,True
IBM,2020-04-21,2020-04-23,85.542,91.058,0.06448294405087562,take_profit,188,True
CRM,2020-04-23,2020-04-30,151.902,160.264,0.05504864978736301,take_profit,189,True
AMD,2020-04-30,2020-05-01,53.43,49.88,-0.06644207374134381,stop_loss,,False
AMAT,2020-05-01,2020-05-06,45.663,47.962,0.0503471081619693,take_profit,191,True
ADI,2020-05-01,2020-05-20,96.363,103.791,0.07708352791008988,take_profit,194,True
AMAT,2020-05-06,2020-05-08,47.477,51.105,0.07641594877519653,take_profit,192,True
ACN,2020-05-14,2020-05-18,165.079,178.058,0.0786229623392436,take_profit,193,True
ADP,2020-05-18,2020-05-27,120.595,128.927,0.06909075832331357,take_profit,194,True
AMD,2020-05-27,2020-06-09,53.27,56.39,0.05856955134221886,take_profit,197,True
NOW,2020-05-28,2020-06-02,370.0,392.9,0.061891891891891815,take_profit,196,True
NOW,2020-06-05,2020-06-09,370.0,388.83,0.050891891891891916,take_profit,197,True
IBM,2020-06-11,2020-06-23,95.838,90.804,-0.052526137857634714,stop_loss,199,True
ADP,2020-06-12,2020-07-29,132.22,122.916,-0.07036756920284382,stop_loss,201,True
IBM,2020-06-25,2020-07-15,88.788,93.534,0.05345316934720912,take_profit,200,True
ADBE,2020-07-15,2020-08-06,434.91,464.11,0.06714032788392998,take_profit,203,True
ADP,2020-07-29,2020-07-30,125.434,119.124,-0.05030533986000607,stop_loss,202,True
ADP,2020-07-30,2020-08-25,120.361,126.447,0.05056455164048157,take_profit,205,True
ADBE,2020-08-11,2020-08-18,440.26,463.51,0.05280970335710711,take_profit,204,True
CSCO,2020-08-18,2020-09-08,36.02,34.199,-0.05055524708495296,stop_loss,206,True
AAPL,2020-09-03,2020-09-08,123.448,109.742,-0.11102650508716216,stop_loss,206,True
AAPL,2020-09-08,2020-09-18,110.841,103.925,-0.062395683907579325,stop_loss,208,True
ACN,2020-09-08,2020-09-24,214.22,198.802,-0.07197273830641404,stop_loss,209,True
AAPL,2020-09-21,2020-09-22,101.688,108.76,0.06954606246558104,take_profit,209,True
ACN,2020-09-24,2020-10-12,202.927,214.631,0.05767591301305397,take_profit,212,True
AAPL,2020-09-24,2020-09-25,102.301,109.217,0.06760442224416185,take_profit,211,True
CSCO,2020-09-25,2020-10-07,32.284,33.997,0.053060339487052355,take_profit,212,True
IBM,2020-10-15,2020-10-20,95.59,90.421,-0.05407469400564913,stop_loss,,False
IBM,2020-10-21,2020-10-27,89.874,85.174,-0.052295435832387493,stop_loss,214,True
INTC,2020-10-23,2020-10-27,43.394,40.962,-0.05604461446282882,stop_loss,214,True
INTC,2020-10-27,2020-11-30,41.267,43.71,0.0591998449123996,take_profit,217,True
ACN,2020-10-27,2020-11-05,205.36,217.796,0.06055707051032333,take_profit,216,True
ADBE,2020-11-10,2020-12-07,466.72,492.25,0.054700891326705525,take_profit,219,True
CRM,2020-11-30,2020-12-02,242.925,218.482,-0.10061953277760627,stop_loss,218,True
CRM,2020-12-02,2021-01-15,223.133,210.921,-0.05472969036404307,stop_loss,221,True
NVDA,2020-12-10,2021-01-11,12.834,13.584,0.05843852267414684,take_profit,220,True
ADP,2021-01-13,2021-02-04,146.974,154.74,0.052839277695374776,take_profit,223,True
AMD,2021-01-15,2021-01-29,90.75,85.64,-0.05630853994490359,stop_loss,222,True
AAPL,2021-01-29,2021-02-22,132.352,122.957,-0.07098494922630572,stop_loss,224,True
QCOM,2021-02-04,2021-02-22,135.535,125.86,-0.071383775408566,stop_loss,224,True
AAPL,2021-02-22,2021-02-25,124.919,118.068,-0.05484353861302127,stop_loss,226,True
ADBE,2021-02-22,2021-03-04,470.48,439.06,-0.06678286005781331,stop_loss,228,True
NVDA,2021-02-25,2021-03-03,14.007,12.77,-0.0883129863639609,stop_loss,227,True
CRM,2021-03-03,2021-04-08,210.615,222.114,0.054597250908055006,take_profit,230,True
ADI,2021-03-04,2021-03-26,137.784,145.099,0.05309034430703119,take_profit,229,True
INTC,2021-03-26,2021-04-05,56.208,60.519,0.07669726729291204,take_profit,230,True
INTC,2021-04-15,2021-04-23,58.182,53.88,-0.07394039393626894,stop_loss,232,True
AVGO,2021-04-20,2021-05-10,41.786,39.614,-0.0519791317666205,stop_loss,233,True
INTC,2021-04-23,2021-05-11,53.807,50.368,-0.06391361718735478,stop_loss,233,True
ADI,2021-05-11,2021-05-20,136.999,147.278,0.07502974474266244,take_profit,235,True
AAPL,2021-05-11,2021-06-14,120.722,127.545,0.05651828167194051,take_profit,235,True
ORCL,2021-06-16,2021-07-06,73.466,78.261,0.06526828737102885,take_profit,237,True
AMAT,2021-06-21,2021-06-24,126.339,133.148,0.053894680185849086,take_profit,237,True
IBM,2021-07-07,2021-10-04,111.127,116.74,0.05050977710187432,take_profit,243,True
ADI,2021-07-08,2021-08-04,150.535,160.06,0.06327432158634205,take_profit,239,True
AMD,2021-08-06,2021-08-18,110.55,103.44,-0.06431478968792403,stop_loss,240,True
AMD,2021-08-19,2021-08-23,103.32,108.77,0.052748741773132046,take_profit,241,True
AMAT,2021-09-20,2021-09-29,131.751,123.753,-0.060705421590728004,stop_loss,242,True
ADBE,2021-09-29,2021-10-18,585.45,622.83,0.06384832180374067,take_profit,244,True
ADI,2021-10-04,2021-10-19,155.297,164.508,0.059312156706182506,take_profit,244,True
IBM,2021-10-21,2021-10-27,108.153,101.397,-0.06246706055310536,stop_loss,246,True
INTC,2021-10-22,2021-12-07,46.412,48.757,0.05052572610531758,take_profit,247,True
IBM,2021-10-27,2021-12-17,103.236,109.392,0.059630361501801676,take_profit,250,True
AMD,2021-12-07,2021-12-13,143.9,133.8,-0.07018763029881858,stop_loss,248,True
NVDA,2021-12-13,2021-12-14,30.192,28.284,-0.06319554848966613,stop_loss,249,True
ADI,2021-12-14,2022-01-18,165.438,155.667,-0.05906140064555898,stop_loss,252,True
AAPL,2021-12-17,2021-12-27,166.6,176.796,0.06120048019207691,take_profit,251,True
ORCL,2021-12-27,2022-01-19,85.104,79.402,-0.06700037601052833,stop_loss,253,True
ACN,2022-01-18,2022-01-26,329.345,311.66,-0.053697490473515574,stop_loss,255,True
AMAT,2022-01-19,2022-01-20,149.232,134.467,-0.09893990565026256,stop_loss,254,True
ADI,2022-01-20,2022-01-27,153.162,144.532,-0.05634556874420549,stop_loss,256,True
ADP,2022-01-26,2022-03-22,189.971,199.949,0.05252380626516673,take_profit,266,True
AMD,2022-01-27,2022-01-28,111.96,105.24,-0.060021436227224,stop_loss,257,True
AMAT,2022-01-28,2022-01-31,125.238,133.529,0.06620195148437369,take_profit,258,True
AMD,2022-01-31,2022-02-01,107.93,116.78,0.08199759103122384,take_profit,259,True
INTC,2022-02-01,2022-02-18,45.242,42.091,-0.06964767251668791,stop_loss,260,True
AMD,2022-02-18,2022-02-25,113.9,121.06,0.06286215978928889,take_profit,261,True
AMD,2022-03-02,2022-03-04,115.47,108.41,-0.061141422014376,stop_loss,262,True
AMAT,2022-03-04,2022-03-07,124.283,115.415,-0.07135328242800698,stop_loss,263,True
AMD,2022-03-07,2022-03-14,108.53,102.25,-0.05786418501796742,stop_loss,264,True
AAPL,2022-03-14,2022-03-16,148.671,156.662,0.05374955438518625,take_profit,265,True
NOW,2022-03-16,2022-03-17,528.51,566.68,0.07222190687025787,take_profit,266,True
ADBE,2022-03-23,2022-03-29,437.51,466.33,0.06587278005074171,take_profit,,False
QCOM,2022-03-31,2022-04-06,141.11,128.549,-0.08901566154064211,stop_loss,270,True
AMD,2022-03-31,2022-04-01,116.31,108.19,-0.06981342962771908,stop_loss,268,True
AMAT,2022-04-01,2022-04-05,128.639,117.826,-0.0840569345221901,stop_loss,269,True
AMAT,2022-04-05,2022-04-06,124.67,115.522,-0.07337771717333763,stop_loss,270,True
AMAT,2022-04-06,2022-04-22,115.212,109.2,-0.05218206436829498,stop_loss,272,True
ADI,2022-04-06,2022-05-27,147.896,158.146,0.06930545788932774,take_profit,277,True
AMD,2022-04-22,2022-04-26,90.03,85.16,-0.05409308008441638,stop_loss,273,True
ADBE,2022-04-26,2022-05-09,410.17,376.91,-0.08108832922934395,stop_loss,274,True
AAPL,2022-05-09,2022-05-11,152.311,144.023,-0.05441497987669974,stop_loss,275,True
AAPL,2022-05-11,2022-05-12,150.905,140.15,-0.07127000430734565,stop_loss,276,True
AAPL,2022-05-12,2022-06-02,140.356,148.654,0.05912109208013905,take_profit,277,True
INTU,2022-06-07,2022-06-10,395.502,373.099,-0.05664446703177228,stop_loss,279,True
NVDA,2022-06-07,2022-06-10,18.44,16.949,-0.08085683297180046,stop_loss,279,True
AAPL,2022-06-10,2022-06-13,137.908,129.65,-0.05988050004350709,stop_loss,281,True
ACN,2022-06-10,2022-06-14,275.633,260.69,-0.05421339244575207,stop_loss,282,True
AAPL,2022-06-13,2022-06-24,130.624,139.265,0.06615170259676617,take_profit,283,True
ACN,2022-06-14,2022-06-24,260.245,283.668,0.09000365040634795,take_profit,283,True
ADBE,2022-06-29,2022-07-07,367.94,390.89,0.062374300157634455,take_profit,285,True
ACN,2022-06-29,2022-07-27,263.817,282.928,0.07244036585966773,take_profit,288,True
NOW,2022-07-12,2022-07-13,461.25,422.77,-0.08342547425474256,stop_loss,286,True
ADBE,2022-07-13,2022-07-19,368.2,387.83,0.05331341662140132,take_profit,287,True
IBM,2022-07-19,2022-08-16,115.729,121.622,0.05092068539432648,take_profit,290,True
ADBE,2022-07-27,2022-07-29,385.08,410.12,0.06502544925729725,take_profit,289,True
INTC,2022-07-29,2022-08-26,33.532,31.74,-0.053441488727185904,stop_loss,292,True
NOW,2022-08-17,2022-08-22,489.0,459.71,-0.05989775051124746,stop_loss,291,True
ADBE,2022-08-22,2022-08-26,419.41,381.02,-0.091533344460075,stop_loss,292,True
CRM,2022-08-26,2022-08-29,172.149,158.542,-0.079041992692377,stop_loss,,False
AAPL,2022-08-29,2022-09-15,158.646,150.002,-0.05448608852413539,stop_loss,294,True
ADBE,2022-08-29,2022-09-15,380.09,309.13,-0.186692625430819,stop_loss,294,True
AAPL,2022-09-15,2022-09-29,152.247,140.266,-0.07869448987500594,stop_loss,297,True
ACN,2022-09-15,2022-09-22,263.624,249.446,-0.05378114283980229,stop_loss,296,True
ADBE,2022-09-22,2022-10-05,282.0,297.38,0.0545390070921985,take_profit,298,True
ORCL,2022-09-29,2022-10-04,59.816,63.081,0.05458405777718345,take_profit,298,True
AMD,2022-10-07,2022-10-10,64.01,57.81,-0.0968598656459928,stop_loss,300,True
INTC,2022-10-07,2022-10-28,24.899,27.658,0.11080766295835165,take_profit,303,True
AMAT,2022-10-10,2022-10-11,79.781,74.235,-0.06951529812862722,stop_loss,301,True
ACN,2022-10-11,2022-10-21,243.626,257.48,0.0568658517563807,take_profit,302,True
MSFT,2022-10-26,2022-11-03,225.559,209.05,-0.07319149313483386,stop_loss,304,True
INTU,2022-11-02,2022-11-03,395.344,358.483,-0.09323778785058079,stop_loss,304,True
ACN,2022-11-03,2022-11-10,254.681,274.147,0.07643287092480389,take_profit,306,True
AAPL,2022-11-03,2022-11-11,139.852,147.618,0.055530131853673836,take_profit,306,True
AMAT,2022-11-17,2022-11-22,97.702,104.143,0.06592495547685817,take_profit,308,True
AMD,2022-11-17,2022-11-22,70.56,75.25,0.06646825396825395,take_profit,308,True
ADBE,2022-11-22,2022-11-30,322.49,344.93,0.06958355297838681,take_profit,310,True
CRM,2022-11-22,2022-11-25,143.689,151.754,0.05612816569118029,take_profit,310,True
INTU,2022-11-30,2022-12-01,368.796,408.653,0.10807329797503229,take_profit,312,True
AAPL,2022-11-30,2022-12-19,139.434,130.529,-0.06386534130843269,stop_loss,317,True
CRM,2022-12-01,2022-12-05,146.014,132.536,-0.09230621721204824,stop_loss,313,True
CRM,2022-12-05,2022-12-06,141.314,131.883,-0.06673790282632985,stop_loss,314,True
AMD,2022-12-06,2022-12-09,73.08,68.59,-0.061439518336069976,stop_loss,315,True
AMD,2022-12-09,2022-12-16,69.49,65.41,-0.0587134839545258,stop_loss,316,True
ACN,2022-12-16,2022-12-19,262.351,243.945,-0.0701579182088119,stop_loss,317,True
AAPL,2022-12-19,2022-12-28,133.231,124.287,-0.06713152344424334,stop_loss,319,True
ACN,2022-12-19,2023-01-11,251.357,269.572,0.07246665101827277,take_profit,321,True
AMAT,2022-12-28,2023-01-06,92.332,101.695,0.10140579647359527,take_profit,320,True
MSFT,2023-01-06,2023-01-11,218.2,230.696,0.057268560953253944,take_profit,321,True
INTC,2023-01-19,2023-01-23,27.588,29.189,0.05803247788893717,take_profit,323,True
ADP,2023-01-19,2023-01-27,219.315,208.01,-0.051546861819756984,stop_loss,323,True
ADP,2023-01-27,2023-04-25,211.496,200.557,-0.05172201838332646,stop_loss,327,True
IBM,2023-01-27,2023-03-09,121.161,115.096,-0.05005736169229369,stop_loss,325,True
ORCL,2023-03-10,2023-03-27,81.78,87.332,0.06788945952555636,take_profit,326,True
AMAT,2023-04-06,2023-05-15,111.621,118.396,0.06069646392703887,take_profit,328,True
CSCO,2023-04-25,2023-05-26,44.069,46.385,0.052553949488302276,take_profit,330,True
INTC,2023-05-15,2023-05-25,28.323,26.853,-0.051901281643893626,stop_loss,329,True
ADI,2023-05-25,2023-05-26,159.363,168.952,0.06017080501747585,take_profit,330,True
INTC,2023-05-26,2023-05-30,26.892,29.391,0.09292726461401157,take_profit,332,True
ADI,2023-05-26,2023-06-07,165.076,173.454,0.05075238072160704,take_profit,334,True
INTU,2023-05-30,2023-06-06,418.391,442.171,0.056836786642159964,take_profit,333,True
AMD,2023-06-06,2023-06-09,117.91,124.92,0.05945212450173876,take_profit,335,True
INTU,2023-06-08,2023-06-12,415.443,439.834,0.05871082194187904,take_profit,335,True
AMD,2023-06-20,2023-06-21,119.09,112.11,-0.058611134436140744,stop_loss,,False
AMD,2023-06-21,2023-06-22,118.49,110.7,-0.0657439446366781,stop_loss,,False
AMD,2023-06-22,2023-07-17,112.24,118.32,0.0541696364932287,take_profit,337,True
ACN,2023-06-22,2023-07-12,287.123,303.308,0.056369569835923894,take_profit,337,True
AMAT,2023-07-20,2023-07-27,135.078,143.233,0.060372525503783026,take_profit,339,True
AMD,2023-07-21,2023-08-01,110.97,117.6,0.0597458772641255,take_profit,339,True
AMD,2023-08-03,2023-08-04,108.95,115.82,0.06305644791188603,take_profit,341,True
INTC,2023-08-03,2023-09-01,33.605,36.008,0.07150721618806744,take_profit,343,True
AAPL,2023-08-04,2023-08-17,183.473,172.312,-0.06083183901718514,stop_loss,342,True
ADI,2023-08-18,2023-09-01,167.232,176.269,0.05403870072713368,take_profit,343,True
AVGO,2023-09-05,2023-09-21,84.34,78.836,-0.06525966326772592,stop_loss,345,True
AAPL,2023-09-07,2023-11-10,173.481,184.835,0.065448089416132,take_profit,348,True
ADBE,2023-09-21,2023-10-11,519.48,549.91,0.05857780857780859,take_profit,346,True
AMD,2023-10-17,2023-10-25,103.54,96.06,-0.07224261155109135,stop_loss,347,True
ADI,2023-10-25,2023-11-10,156.539,166.501,0.0636390931333406,take_profit,348,True
CSCO,2023-11-16,2023-12-15,44.761,47.084,0.05189785750988585,take_profit,351,True
AMAT,2023-11-17,2023-11-20,139.516,149.859,0.07413486625189947,take_profit,350,True
NVDA,2023-11-27,2024-01-08,47.772,52.227,0.09325546345139402,take_profit,352,True
ADBE,2023-12-15,2024-01-19,580.6,611.55,0.05330692387185665,take_profit,353,True
AAPL,2024-01-08,2024-01-19,180.561,189.952,0.05201012400241467,take_profit,353,True
INTC,2024-01-26,2024-03-25,43.596,41.398,-0.05041746949261383,stop_loss,356,True
TXN,2024-01-29,2024-03-01,155.897,163.802,0.05070655625188425,take_profit,355,True
AAPL,2024-03-05,2024-05-03,169.542,182.073,0.0739108893371554,take_profit,360,True
ACN,2024-03-25,2024-04-12,327.23,308.347,-0.0577055893408307,stop_loss,357,True
INTC,2024-04-12,2024-04-19,36.311,33.847,-0.06785822478036951,stop_loss,358,True
AMAT,2024-04-19,2024-04-29,191.543,202.389,0.05662436110951585,take_profit,359,True
IBM,2024-04-29,2024-06-24,159.803,168.726,0.05583749992177878,take_profit,362,True
AMD,2024-05-03,2024-05-15,148.75,159.67,0.07341176470588229,take_profit,361,True
CSCO,2024-05-21,2024-08-16,45.2,47.851,0.058650442477875986,take_profit,368,True
AMAT,2024-06-24,2024-07-08,230.16,243.288,0.05703858185610011,take_profit,363,True
NOW,2024-07-08,2024-07-25,763.5,828.79,0.08551407989521942,take_profit,364,True
ADI,2024-07-25,2024-08-02,216.911,203.642,-0.061172554642226595,stop_loss,365,True
ADI,2024-08-02,2024-08-05,208.068,196.396,-0.05609704519676273,stop_loss,366,True
AAPL,2024-08-05,2024-08-07,197.939,208.607,0.05389539201471161,take_profit,367,True
AAPL,2024-08-07,2024-08-12,205.703,216.522,0.05259524654477565,take_profit,368,True
INTC,2024-08-23,2024-08-30,20.32,22.04,0.08464566929133843,take_profit,370,True
INTU,2024-08-26,2024-09-13,619.004,651.107,0.05186234660842248,take_profit,373,True
NVDA,2024-08-30,2024-09-03,119.486,107.96,-0.09646318397134401,stop_loss,371,True
NVDA,2024-09-03,2024-09-04,115.967,106.17,-0.08448092991971856,stop_loss,372,True
ADI,2024-09-04,2024-09-19,216.289,229.502,0.06108956072662042,take_profit,374,True
ADBE,2024-09-13,2024-10-01,532.57,502.8,-0.05589875509322728,stop_loss,376,True
ACN,2024-09-20,2024-09-26,326.314,349.379,0.07068345213506011,take_profit,375,True
NOW,2024-09-27,2024-10-09,884.04,938.65,0.061773222931089,take_profit,377,True
AMAT,2024-10-02,2024-10-14,195.793,211.687,0.08117757018892413,take_profit,377,True
AMD,2024-10-15,2024-10-22,163.21,154.09,-0.05587892898719449,stop_loss,380,True
AMAT,2024-10-16,2024-10-17,191.23,181.353,-0.05164984573550169,stop_loss,379,True
AMAT,2024-10-17,2024-11-15,188.043,167.141,-0.11115542721611549,stop_loss,384,True
IBM,2024-10-24,2024-10-30,214.733,199.27,-0.07201035704805503,stop_loss,381,True
AMD,2024-10-30,2024-10-31,153.01,144.07,-0.05842755375465658,stop_loss,382,True
ACN,2024-10-31,2024-11-13,339.779,365.009,0.07425414754884807,take_profit,383,True
INTC,2024-11-13,2024-12-03,24.06,22.47,-0.06608478802992523,stop_loss,386,True
ADI,2024-11-15,2024-11-25,205.239,219.799,0.07094168262367284,take_profit,385,True
INTU,2024-11-25,2024-12-17,638.563,674.552,0.056359356868468824,take_profit,389,True
INTC,2024-12-04,2024-12-05,22.53,20.8,-0.076786506879716,stop_loss,387,True
INTC,2024-12-05,2024-12-06,22.04,20.92,-0.05081669691470048,stop_loss,388,True
AMAT,2024-12-06,2024-12-19,170.788,160.153,-0.06227018291683273,stop_loss,390,True
ADBE,2024-12-17,2024-12-19,460.59,437.39,-0.05037017738118499,stop_loss,390,True
AMD,2024-12-19,2025-01-06,122.16,129.55,0.06049443352979722,take_profit,392,True
ADBE,2024-12-19,2025-01-08,443.41,419.58,-0.05374258586860925,stop_loss,392,True
ADBE,2025-01-08,2025-01-27,417.34,438.6,0.05094167824795148,take_profit,394,True
AMD,2025-01-10,2025-02-05,118.18,112.01,-0.05220849551531559,stop_loss,395,True
AMAT,2025-01-27,2025-02-14,178.119,167.851,-0.057646854069470455,stop_loss,396,True
AMD,2025-02-05,2025-02-14,107.61,113.1,0.05101756342347352,take_profit,396,True
AMAT,2025-02-14,2025-02-25,173.446,164.599,-0.05100722991593931,stop_loss,399,True
INTC,2025-02-19,2025-02-24,25.98,24.27,-0.06581986143187069,stop_loss,398,True
ACN,2025-02-24,2025-03-03,360.807,341.579,-0.0532916489979407,stop_loss,401,True
AMD,2025-02-25,2025-02-27,107.89,99.51,-0.07767170266011669,stop_loss,400,True
AMD,2025-02-27,2025-03-03,105.08,98.23,-0.0651884278644842,stop_loss,401,True
AMD,2025-03-03,2025-03-20,101.52,107.14,0.055358550039401155,take_profit,405,True
AMAT,2025-03-03,2025-03-06,158.822,150.678,-0.051277530820667216,stop_loss,403,True
AVGO,2025-03-06,2025-03-07,179.762,193.584,0.07689055528977207,take_profit,404,True
ADP,2025-03-07,2025-04-07,297.814,278.376,-0.0652689262425542,stop_loss,409,True
ACN,2025-03-20,2025-03-26,293.222,308.084,0.050685146407841275,take_profit,406,True
AMD,2025-03-27,2025-04-03,106.11,93.8,-0.11601168598624068,stop_loss,407,True
AAPL,2025-04-03,2025-04-04,205.038,187.92,-0.08348696339215178,stop_loss,408,True
AAPL,2025-04-04,2025-04-07,193.417,181.017,-0.06411018679847169,stop_loss,409,True
AAPL,2025-04-07,2025-04-09,176.767,198.364,0.12217778205207996,take_profit,411,True
ACN,2025-04-07,2025-04-09,276.182,296.975,0.07528731054159943,take_profit,411,True
AAPL,2025-04-09,2025-04-10,171.53,189.955,0.10741561242931263,take_profit,413,True
ACN,2025-04-09,2025-04-25,277.232,291.93,0.05301696773821196,take_profit,416,True
AAPL,2025-04-10,2025-04-14,188.608,202.025,0.07113696131659308,take_profit,414,True
ADI,2025-04-14,2025-04-24,181.711,193.58,0.06531800496392615,take_profit,415,True
IBM,2025-04-24,2025-05-02,228.109,242.289,0.062163264053588296,take_profit,417,True
INTC,2025-04-25,2025-05-08,19.73,21.0,0.06436898124683221,take_profit,418,True
QCOM,2025-05-02,2025-05-08,136.251,143.417,0.05259410940103182,take_profit,418,True
AAPL,2025-05-08,2025-05-12,197.237,210.551,0.06750254769642616,take_profit,,False
INTC,2025-05-15,2025-05-23,21.23,20.05,-0.055581723975506314,stop_loss,420,True
AMAT,2025-05-19,2025-06-10,161.616,173.273,0.07212775962775941,take_profit,422,True
AAPL,2025-05-23,2025-06-06,193.45,203.689,0.05292840527268039,take_profit,421,True
AVGO,2025-06-09,2025-06-24,244.056,263.319,0.07892860654931666,take_profit,423,True
INTC,2025-06-12,2025-06-24,20.5,22.55,0.10000000000000009,take_profit,423,True
ACN,2025-06-24,2025-07-15,294.209,276.07,-0.061653450438293844,stop_loss,426,True
AMD,2025-07-02,2025-07-10,135.53,144.16,0.06367593890651513,take_profit,425,True
NOW,2025-07-11,2025-08-05,960.0,905.12,-0.0571666666666667,stop_loss,428,True
ACN,2025-07-15,2025-08-01,281.04,255.37,-0.09133931113008831,stop_loss,427,True
ACN,2025-08-01,2025-08-05,264.63,247.07,-0.06635680006046174,stop_loss,428,True
ACN,2025-08-05,2025-08-07,255.74,241.72,-0.054821302885743384,stop_loss,430,True
ADBE,2025-08-05,2025-08-18,339.31,357.24,0.05284253337655831,take_profit,431,True
ACN,2025-08-07,2025-09-23,248.2,235.5,-0.05116841257050764,stop_loss,434,True
AMAT,2025-08-18,2025-09-11,161.348,170.15,0.05455289188586154,take_profit,432,True
AAPL,2025-09-11,2025-09-17,226.88,238.99,0.05337623413258119,take_profit,433,True
ORCL,2025-09-17,2025-09-22,307.69,328.15,0.06649549871624028,take_profit,434,True
INTC,2025-09-23,2025-09-24,28.99,31.22,0.07692307692307687,take_profit,,False
